{"info":{"_postman_id":"73f61433-d0df-4c48-bb0d-d9ead007daaf","name":"New Collection","schema":"https://schema.getpostman.com/json/collection/v2.1.0/collection.json"},"item":[{"name":"Test_For_PreEmployment","id":"9691da04-d44c-4809-9779-8ab5dad269ad","protocolProfileBehavior":{"disableBodyPruning":true},"request":{"method":"GET","header":[]},"response":[]},{"name":"Get List User","id":"575979ad-cbe8-4133-b2d8-f7b3540de4e5","protocolProfileBehavior":{"disableBodyPruning":true},"request":{"method":"GET","header":[]},"response":[]},{"name":"Get SIngle User","id":"005b724b-50de-453f-aa0a-debdb4173f78","protocolProfileBehavior":{"disableBodyPruning":true},"request":{"method":"GET","header":[]},"response":[]},{"name":"Get Single User Not Found","id":"81c15fce-f2aa-4427-bf86-6e07f00755b8","protocolProfileBehavior":{"disableBodyPruning":true},"request":{"method":"GET","header":[]},"response":[]},{"name":"Get List<Resource>","id":"9fc88e3b-57ce-462c-b5a3-66df542b1102","protocolProfileBehavior":{"disableBodyPruning":true},"request":{"method":"GET","header":[]},"response":[]},{"name":"Get Single <Resource>","id":"32b3c4f7-9a9b-4fed-9c2f-086133fd4820","protocolProfileBehavior":{"disableBodyPruning":true},"request":{"method":"GET","header":[]},"response":[]},{"name":"Get Single <Resource> Not Found","id":"c0980de7-ce4f-4a5a-bb54-43e3f7a550aa","protocolProfileBehavior":{"disableBodyPruning":true},"request":{"method":"GET","header":[]},"response":[]},{"name":"Post Create","id":"22394b20-9b0c-431d-bed7-0adc53eeae4a","protocolProfileBehavior":{"disableBodyPruning":true},"request":{"method":"GET","header":[]},"response":[]}]}