{"info":{"_postman_id":"78dd11cc-334c-4a30-a6bd-e855e1beb6b8","name":"New Collection Copy","schema":"https://schema.getpostman.com/json/collection/v2.1.0/collection.json"},"item":[{"name":"Test_For_PreEmployment","id":"394047b6-cc2d-45e1-83c5-cc276b3b9274","protocolProfileBehavior":{"disableBodyPruning":true},"request":{"method":"GET","header":[]},"response":[]},{"name":"Get List User","id":"1ad30d84-5ccd-406e-af49-07f5cf607896","protocolProfileBehavior":{"disableBodyPruning":true},"request":{"method":"GET","header":[]},"response":[]},{"name":"Get SIngle User","id":"980988aa-05f2-4d72-867a-6c13e4c5ba82","protocolProfileBehavior":{"disableBodyPruning":true},"request":{"method":"GET","header":[]},"response":[]},{"name":"Get Single User Not Found","id":"456453a5-883d-4b2e-a866-49b5fdbdbefb","protocolProfileBehavior":{"disableBodyPruning":true},"request":{"method":"GET","header":[]},"response":[]},{"name":"Get List<Resource>","id":"2462907e-7d5d-4c2e-9b67-7df8ddf0e686","protocolProfileBehavior":{"disableBodyPruning":true},"request":{"method":"GET","header":[]},"response":[]},{"name":"Get Single <Resource>","id":"9132667c-36ae-49b6-b29f-953757d1785b","protocolProfileBehavior":{"disableBodyPruning":true},"request":{"method":"GET","header":[]},"response":[]},{"name":"Get Single <Resource> Not Found","id":"e225eb5a-fd2a-45d8-8973-c7d4a9ab0710","protocolProfileBehavior":{"disableBodyPruning":true},"request":{"method":"GET","header":[]},"response":[]},{"name":"Post Create","id":"f270bced-dcc0-405d-a2fe-960bfd4b71b5","protocolProfileBehavior":{"disableBodyPruning":true},"request":{"method":"GET","header":[]},"response":[]}]}